<catalog>
    <container>
        <name>pf3e1-accordion-container</name>
        <contextItemName>[BBHOST]</contextItemName>
        <properties>
            <property name="TemplateName">
                <value type="string">pf3E1AccordionContainer</value>
            </property>
            <property name="viewNamespace">
                <value type="string">templates_pf3E1AccordionContainer</value>
            </property>
            <property name="title" label="Title" viewHint="admin,designModeOnly">
                <value type="string">pf3e1 Accordion Container</value>
            </property>
            <property name="config">
                <value type="string">$(itemRoot)/config.xml</value>
            </property>
            <property name="csr">
                <value type="boolean">false</value>
            </property>
            <property name="thumbnailUrl">
                <value type="string">$(itemRoot)/icon.png</value>
            </property>
        </properties>
        <tags>
            <tag type="regular">layouts</tag>
            <tag type="section">FE Training Containers</tag>
        </tags>
    </container>
</catalog>
